autoridade,data,hora_inicio,hora_fim,descricao,local,observacao_do_dia,url
Carlos Alberto Franco Franca,2021-04-20,17:30,19:15,"Ministro de Estado da Economia, Paulo Guedes",Ministério da Economia,,https://www.gov.br/mre/pt-br/agendas/agendas-de-autoridades-anteriores/agenda-antiga-carlos-alberto-franco-franca/2021-04-20
Carlos Alberto Franco Franca,2021-05-03,13:00,15:00,Almoço oferecido ao Deputado Marcelo Ramos (PL-AM),Sala Bahia,,https://www.gov.br/mre/pt-br/agendas/agendas-de-autoridades-anteriores/agenda-antiga-carlos-alberto-franco-franca/2021-05-03
Carlos Alberto Franco Franca,2021-05-18,15:00,16:00,"Senhor Luiz Eduardo Ramos, Ministro-Chefe da Casa Civil da Presidência da República",Palácio do Planalto,,https://www.gov.br/mre/pt-br/agendas/agendas-de-autoridades-anteriores/agenda-antiga-carlos-alberto-franco-franca/2021-05-18
Carlos Alberto Franco Franca,2021-05-19,13:00,15:00,"Almoço oferecido pelo Embaixador Luís Faro Ramos, Embaixador da República Portuguesa",Residência Oficial de Portugal,,https://www.gov.br/mre/pt-br/agendas/agendas-de-autoridades-anteriores/agenda-antiga-carlos-alberto-franco-franca/2021-05-19
Carlos Alberto Franco Franca,2021-06-08,14:30,15:30,"Ministro-Chefe da Casa Civil da Presidência da República, Luiz Eduardo Ramos",Palácio do Planalto,,https://www.gov.br/mre/pt-br/agendas/agendas-de-autoridades-anteriores/agenda-antiga-carlos-alberto-franco-franca/2021-06-08
Carlos Alberto Franco Franca,2021-06-09,15:00,16:00,"Ministro de Estado da Economia, Paulo Guedes","Ministério da Economia, Bloco P",,https://www.gov.br/mre/pt-br/agendas/agendas-de-autoridades-anteriores/agenda-antiga-carlos-alberto-franco-franca/2021-06-09
Carlos Alberto Franco Franca,2021-06-10,17:00,18:00,"Ministro-Chefe da Casa Civil da Presidência da República, Luiz Eduardo Ramos",Palácio do Planalto,,https://www.gov.br/mre/pt-br/agendas/agendas-de-autoridades-anteriores/agenda-antiga-carlos-alberto-franco-franca/2021-06-10
Carlos Alberto Franco Franca,2021-06-11,10:00,12:30,"Senhor Paulo Guedes, Ministro de Estado da Economia","Ministério da Economia, Bloco P",,https://www.gov.br/mre/pt-br/agendas/agendas-de-autoridades-anteriores/agenda-antiga-carlos-alberto-franco-franca/2021-06-11
Carlos Alberto Franco Franca,2021-06-17,18:30,19:30,"Senhor Paulo Guedes, Ministro de Estado da Economia","Ministério da Economia, Esplanada dos Ministérios, Bloco P, 5º Andar",,https://www.gov.br/mre/pt-br/agendas/agendas-de-autoridades-anteriores/agenda-antiga-carlos-alberto-franco-franca/2021-06-17
Carlos Alberto Franco Franca,2021-06-21,11:30,12:30,"Senhor Jônathas Assunção de Castro, Secretário-Executivo da Casa Civil da Presidência da República","Palácio do Planalto, 4º andar, sala 418",,https://www.gov.br/mre/pt-br/agendas/agendas-de-autoridades-anteriores/agenda-antiga-carlos-alberto-franco-franca/2021-06-21
Carlos Alberto Franco Franca,2021-06-22,09:30,10:30,"Senhor Marcelo Pacheco dos Guaranys, Secretário- Executivo do Ministério da Economia, e Senhor Ariosto Antunes Culau, Secretário de Orçamento Federal do Ministério da Economia",Gabinete,,https://www.gov.br/mre/pt-br/agendas/agendas-de-autoridades-anteriores/agenda-antiga-carlos-alberto-franco-franca/2021-06-22
Carlos Alberto Franco Franca,2021-07-12,12:00,12:30,"Senhor Paulo Guedes, Ministro de Estado do Economia","Ministério da Economia, Bloco P",,https://www.gov.br/mre/pt-br/agendas/agendas-de-autoridades-anteriores/agenda-antiga-carlos-alberto-franco-franca/2021-07-12
Carlos Alberto Franco Franca,2021-07-22,18:30,19:00,Embaixador Hélio Vitor Ramos Filho,Gabinete,,https://www.gov.br/mre/pt-br/agendas/agendas-de-autoridades-anteriores/agenda-antiga-carlos-alberto-franco-franca/2021-07-22
Carlos Alberto Franco Franca,2021-08-04,16:00,17:00,"Posse do Ministro de Estado da Casa Civil, Senador Ciro Nogueira",Palácio do Planalto,,https://www.gov.br/mre/pt-br/agendas/agendas-de-autoridades-anteriores/agenda-antiga-carlos-alberto-franco-franca/2021-08-04
Carlos Alberto Franco Franca,2021-08-18,12:30,13:30,"Almoço em homenagem ao Ministro-Chefe da Casa Civil, Senador Ciro Nogueira",Sala Rio de Janeiro,,https://www.gov.br/mre/pt-br/agendas/agendas-de-autoridades-anteriores/agenda-antiga-carlos-alberto-franco-franca/2021-08-18
Carlos Alberto Franco Franca,2021-09-02,18:00,19:00,"Senhor Carlos Alexandre Jorge Da Costa, Secretário Especial de Produtividade e Competitividade do Ministério da Economia",Gabinete,,https://www.gov.br/mre/pt-br/agendas/agendas-de-autoridades-anteriores/agenda-antiga-carlos-alberto-franco-franca/2021-09-02
Carlos Alberto Franco Franca,2021-09-09,12:30,13:00,"Senhor Caio Mario Paes de Andrade, Secretário Especial de Desburocratização, Gestão e Governo Digital do Ministério da Economia",Gabinete,,https://www.gov.br/mre/pt-br/agendas/agendas-de-autoridades-anteriores/agenda-antiga-carlos-alberto-franco-franca/2021-09-09
Carlos Alberto Franco Franca,2021-09-09,13:00,14:30,"Almoço oferecido em homenagem ao Senhor Caio Mario Paes de Andrade, Secretário Especial de Desburocratização, Gestão e Governo Digital do Ministério da Economia",Sala Rio de Janeiro,,https://www.gov.br/mre/pt-br/agendas/agendas-de-autoridades-anteriores/agenda-antiga-carlos-alberto-franco-franca/2021-09-09
Carlos Alberto Franco Franca,2021-10-08,17:30,18:00,"Reunião com o Senhor Paulo Guedes, Ministro de Estado da Economia",Ministério da Economia,,https://www.gov.br/mre/pt-br/agendas/agendas-de-autoridades-anteriores/agenda-antiga-carlos-alberto-franco-franca/2021-10-08
Carlos Alberto Franco Franca,2021-10-19,18:30,19:30,"Senhor Carlos da Costa, Secretário Especial de Produtividade e Competitividade do Ministério da Economia",Gabinete,,https://www.gov.br/mre/pt-br/agendas/agendas-de-autoridades-anteriores/agenda-antiga-carlos-alberto-franco-franca/2021-10-19
Carlos Alberto Franco Franca,2021-10-30,11:45,14:00,"Acompanha o Senhor Presidente da República na Primeira Sessão da Cúpula de Líderes do G20, ""Economia e Saúde Global"", com almoço de trabalho",Centro de Conferências de Roma,,https://www.gov.br/mre/pt-br/agendas/agendas-de-autoridades-anteriores/agenda-antiga-carlos-alberto-franco-franca/2021-10-30
Carlos Alberto Franco Franca,2021-12-10,16:30,17:30,"Chefe de Gabinete, Embaixador Achilles Zaluar, e o Diretor de Planejamento Diplomático, Ministro Sérgio Rodrigues dos Santos",Gabinete,,https://www.gov.br/mre/pt-br/agendas/agendas-de-autoridades-anteriores/agenda-antiga-carlos-alberto-franco-franca/2021-12-10
Carlos Alberto Franco Franca,2021-12-17,12:15,12:45,"Chefe da Assessoria Especial de Assuntos Estratégicos do Ministério da Economia, Senhora Daniella Marques Consentino",Gabinete,,https://www.gov.br/mre/pt-br/agendas/agendas-de-autoridades-anteriores/agenda-antiga-carlos-alberto-franco-franca/2021-12-17
Carlos Alberto Franco Franca,2022-02-11,17:30,18:30,"Ministro de Estado da Economia, Paulo Guedes",Gabinete,,https://www.gov.br/mre/pt-br/agendas/agendas-de-autoridades-anteriores/agenda-antiga-carlos-alberto-franco-franca/2022-02-11
Carlos Alberto Franco Franca,2022-03-24,14:30,15:00,"Audiência com o Ministro-Chefe da Casa Civil, Ciro Nogueira",Palácio do Planalto,,https://www.gov.br/mre/pt-br/agendas/agendas-de-autoridades-anteriores/agenda-antiga-carlos-alberto-franco-franca/2022-03-24
Carlos Alberto Franco Franca,2022-03-24,16:30,17:00,"Telefonema internacional com a Ministra dos Negócios Estrangeiros, Cooperação e Comunidades de São Tomé e Príncipe, Edite Ramos da Costa Ten Jua",Gabinete,,https://www.gov.br/mre/pt-br/agendas/agendas-de-autoridades-anteriores/agenda-antiga-carlos-alberto-franco-franca/2022-03-24
Carlos Alberto Franco Franca,2022-05-04,17:30,18:00,"Secretária de Produtividade e Competitividade do Ministério da Economia, Daniella Marques Consentino",Gabinete,,https://www.gov.br/mre/pt-br/agendas/agendas-de-autoridades-anteriores/agenda-antiga-carlos-alberto-franco-franca/2022-05-04
Carlos Alberto Franco Franca,2022-06-20,09:30,09:45,Assessor Especial de Planejamento Diplomático e o Assessor Especial de Imprensa,Gabinete,,https://www.gov.br/mre/pt-br/agendas/agendas-de-autoridades-anteriores/agenda-antiga-carlos-alberto-franco-franca/2022-06-20
Carlos Alberto Franco Franca,2022-06-20,11:30,12:30,"Ministro-chefe da Secretaria-Geral da Presidência da República, Luiz Eduardo Ramos",Gabinete,,https://www.gov.br/mre/pt-br/agendas/agendas-de-autoridades-anteriores/agenda-antiga-carlos-alberto-franco-franca/2022-06-20
Carlos Alberto Franco Franca,2022-06-22,10:00,10:15,Assessor Especial de Planejamento Diplomático e o Assessor Especial de Imprensa,Gabinete,,https://www.gov.br/mre/pt-br/agendas/agendas-de-autoridades-anteriores/agenda-antiga-carlos-alberto-franco-franca/2022-06-22
Carlos Alberto Franco Franca,2022-06-23,17:30,18:00,"Secretária de Produtividade e Competitividade do Ministério da Economia, Daniella Marques","Ministério da Economia - Esplanada dos Ministérios, Bloco J, 6º andar",,https://www.gov.br/mre/pt-br/agendas/agendas-de-autoridades-anteriores/agenda-antiga-carlos-alberto-franco-franca/2022-06-23
Carlos Alberto Franco Franca,2022-06-24,09:45,10:00,Assessor Especial de Planejamento Diplomático e o Assessor Especial de Imprensa,Gabinete,,https://www.gov.br/mre/pt-br/agendas/agendas-de-autoridades-anteriores/agenda-antiga-carlos-alberto-franco-franca/2022-06-24
Carlos Alberto Franco Franca,2022-06-29,09:45,10:00,Assessor Especial de Planejamento Diplomático,Gabinete,,https://www.gov.br/mre/pt-br/agendas/agendas-de-autoridades-anteriores/agenda-antiga-carlos-alberto-franco-franca/2022-06-29
Carlos Alberto Franco Franca,2022-06-30,09:45,10:00,Assessor Especial de Planejamento Diplomático,Gabinete,,https://www.gov.br/mre/pt-br/agendas/agendas-de-autoridades-anteriores/agenda-antiga-carlos-alberto-franco-franca/2022-06-30
Carlos Alberto Franco Franca,2022-07-19,09:45,10:00,Assessor Especial de Imprensa e o Assessor Especial de Planejamento Diplomático,Gabinete,Brasília - Assunção (-1 hora de fuso),https://www.gov.br/mre/pt-br/agendas/agendas-de-autoridades-anteriores/agenda-antiga-carlos-alberto-franco-franca/2022-07-19
Carlos Alberto Franco Franca,2022-07-19,11:00,12:00,"Secretário das Américas, Embaixador Pedro Miguel da Costa e Silva, o Diretor do Departamento do Mercosul, Embaixador Michel Arslanian Neto, e o Assessor Especial de Planejamento Diplomático, Embaixador Sérgio Rodrigues dos Santos",Gabinete,Brasília - Assunção (-1 hora de fuso),https://www.gov.br/mre/pt-br/agendas/agendas-de-autoridades-anteriores/agenda-antiga-carlos-alberto-franco-franca/2022-07-19
Carlos Alberto Franco Franca,2022-07-25,10:30,11:00,Assessor Especial de Imprensa e Assessor Especial de Planejamento Diplomático,Gabinete,,https://www.gov.br/mre/pt-br/agendas/agendas-de-autoridades-anteriores/agenda-antiga-carlos-alberto-franco-franca/2022-07-25
Carlos Alberto Franco Franca,2022-07-28,09:45,10:00,Assessor Especial de Imprensa e Assessor Especial de Planejamento Diplomático,Gabinete,,https://www.gov.br/mre/pt-br/agendas/agendas-de-autoridades-anteriores/agenda-antiga-carlos-alberto-franco-franca/2022-07-28
Carlos Alberto Franco Franca,2022-07-29,09:45,10:00,Assessor Especial de Imprensa e Assessor Especial de Planejamento Diplomático,Gabinete,,https://www.gov.br/mre/pt-br/agendas/agendas-de-autoridades-anteriores/agenda-antiga-carlos-alberto-franco-franca/2022-07-29
Carlos Alberto Franco Franca,2022-08-01,10:30,11:00,Assessor Especial de Imprensa e Assessor Especial de Planejamento Diplomático,Gabinete,,https://www.gov.br/mre/pt-br/agendas/agendas-de-autoridades-anteriores/agenda-antiga-carlos-alberto-franco-franca/2022-08-01
Carlos Alberto Franco Franca,2022-08-03,09:45,10:00,"Assessor Especial de Imprensa e Assessor Especial, Substituto, de Planejamento Diplomático",Gabinete,,https://www.gov.br/mre/pt-br/agendas/agendas-de-autoridades-anteriores/agenda-antiga-carlos-alberto-franco-franca/2022-08-03
Carlos Alberto Franco Franca,2022-08-12,09:45,10:00,"Assessor Especial de Imprensa e Assessor Especial, Substituto, de Planejamento Diplomático",Gabinete,,https://www.gov.br/mre/pt-br/agendas/agendas-de-autoridades-anteriores/agenda-antiga-carlos-alberto-franco-franca/2022-08-12
Carlos Alberto Franco Franca,2022-08-18,09:15,10:00,Assessor Especial de Imprensa e Assessor Especial de Planejamento Diplomático,Gabinete,,https://www.gov.br/mre/pt-br/agendas/agendas-de-autoridades-anteriores/agenda-antiga-carlos-alberto-franco-franca/2022-08-18
Carlos Alberto Franco Franca,2022-08-19,09:45,10:15,Assessor Especial de Imprensa e Assessor Especial de Planejamento Diplomático,Gabinete,,https://www.gov.br/mre/pt-br/agendas/agendas-de-autoridades-anteriores/agenda-antiga-carlos-alberto-franco-franca/2022-08-19
Carlos Alberto Franco Franca,2022-08-23,10:45,11:00,Assessor Especial de Imprensa e Assessor Especial de Planejamento Diplomático,Gabinete,,https://www.gov.br/mre/pt-br/agendas/agendas-de-autoridades-anteriores/agenda-antiga-carlos-alberto-franco-franca/2022-08-23
Carlos Alberto Franco Franca,2022-08-25,16:00,17:00,"Ministro de Estado Chefe da Secretaria-Geral da Presidência da República, Luiz Eduardo Ramos",Gabinete,,https://www.gov.br/mre/pt-br/agendas/agendas-de-autoridades-anteriores/agenda-antiga-carlos-alberto-franco-franca/2022-08-25
Carlos Alberto Franco Franca,2022-08-26,10:00,10:30,Assessor Especial de Imprensa e Assessor Especial de Planejamento Diplomático,Gabinete,,https://www.gov.br/mre/pt-br/agendas/agendas-de-autoridades-anteriores/agenda-antiga-carlos-alberto-franco-franca/2022-08-26
Carlos Alberto Franco Franca,2022-09-02,09:45,10:00,Assessor Especial de Planejamento Diplomático,Gabinete,,https://www.gov.br/mre/pt-br/agendas/agendas-de-autoridades-anteriores/agenda-antiga-carlos-alberto-franco-franca/2022-09-02
Carlos Alberto Franco Franca,2022-09-08,12:30,13:00,"Ministro da Casa Civil de Moçambique, Constantino Alberto Bacela",Gabinete,,https://www.gov.br/mre/pt-br/agendas/agendas-de-autoridades-anteriores/agenda-antiga-carlos-alberto-franco-franca/2022-09-08
Carlos Alberto Franco Franca,2022-09-09,10:30,10:45,Assessor Especial de Imprensa e Assessor Especial de Planejamento Diplomático,Gabinete,,https://www.gov.br/mre/pt-br/agendas/agendas-de-autoridades-anteriores/agenda-antiga-carlos-alberto-franco-franca/2022-09-09
Carlos Alberto Franco Franca,2022-09-12,17:00,18:00,Assessor Especial de Planejamento Diplomático,Gabinete,,https://www.gov.br/mre/pt-br/agendas/agendas-de-autoridades-anteriores/agenda-antiga-carlos-alberto-franco-franca/2022-09-12
Carlos Alberto Franco Franca,2022-09-13,18:00,19:00,Assessor Especial de Planejamento Diplomático,Gabinete,,https://www.gov.br/mre/pt-br/agendas/agendas-de-autoridades-anteriores/agenda-antiga-carlos-alberto-franco-franca/2022-09-13
Carlos Alberto Franco Franca,2022-09-14,10:00,10:15,Assessor Especial de Imprensa e Assessor Especial de Planejamento Diplomático,Gabinete,,https://www.gov.br/mre/pt-br/agendas/agendas-de-autoridades-anteriores/agenda-antiga-carlos-alberto-franco-franca/2022-09-14
Carlos Alberto Franco Franca,2022-09-28,09:30,10:00,Assessor Especial de Imprensa e Assessor Especial de Planejamento Diplomático,Gabinete,,https://www.gov.br/mre/pt-br/agendas/agendas-de-autoridades-anteriores/agenda-antiga-carlos-alberto-franco-franca/2022-09-28
Carlos Alberto Franco Franca,2022-10-03,09:45,10:00,Assessor Especial de Imprensa e Assessor Especial de Planejamento Diplomático,Gabinete,,https://www.gov.br/mre/pt-br/agendas/agendas-de-autoridades-anteriores/agenda-antiga-carlos-alberto-franco-franca/2022-10-03
Carlos Alberto Franco Franca,2022-10-04,10:45,11:00,Assessor Especial de Imprensa e Assessor Especial de Planejamento Diplomático,Gabinete,,https://www.gov.br/mre/pt-br/agendas/agendas-de-autoridades-anteriores/agenda-antiga-carlos-alberto-franco-franca/2022-10-04
Carlos Alberto Franco Franca,2022-10-04,12:00,13:00,"Ministro de Estado da Economia, Paulo Guedes","Ministério da Economia - Esplanada dos Ministérios, Bloco P, 5º andar",,https://www.gov.br/mre/pt-br/agendas/agendas-de-autoridades-anteriores/agenda-antiga-carlos-alberto-franco-franca/2022-10-04
Carlos Alberto Franco Franca,2022-10-06,09:30,10:00,Assessor Especial de Imprensa e Assessor Especial de Planejamento Diplomático,Gabinete,,https://www.gov.br/mre/pt-br/agendas/agendas-de-autoridades-anteriores/agenda-antiga-carlos-alberto-franco-franca/2022-10-06
Carlos Alberto Franco Franca,2022-10-10,09:45,10:15,Assessor Especial de Imprensa e Assessor Especial de Planejamento Diplomático,Gabinete,,https://www.gov.br/mre/pt-br/agendas/agendas-de-autoridades-anteriores/agenda-antiga-carlos-alberto-franco-franca/2022-10-10
Carlos Alberto Franco Franca,2022-10-10,16:00,16:15,"Telefonema com o Secretário Especial de Relações Governamentais da Casa Civil da Presidência da República, Bruno Grossi",Gabinete,,https://www.gov.br/mre/pt-br/agendas/agendas-de-autoridades-anteriores/agenda-antiga-carlos-alberto-franco-franca/2022-10-10
Carlos Alberto Franco Franca,2022-10-10,16:30,16:45,"Telefonema com o Secretário de Orçamento Federal do Ministério da Economia, Ariosto Antunes Culau",Gabinete,,https://www.gov.br/mre/pt-br/agendas/agendas-de-autoridades-anteriores/agenda-antiga-carlos-alberto-franco-franca/2022-10-10
Carlos Alberto Franco Franca,2022-10-11,12:30,14:45,Visita à Fazenda da Esperança,Fazenda da Esperança,Brasília –Guaratinguetá – Cachoeira Paulista,https://www.gov.br/mre/pt-br/agendas/agendas-de-autoridades-anteriores/agenda-antiga-carlos-alberto-franco-franca/2022-10-11
Carlos Alberto Franco Franca,2022-10-13,09:45,10:00,Assessor Especial de Imprensa e Assessor Especial de Planejamento Diplomático,Gabinete,,https://www.gov.br/mre/pt-br/agendas/agendas-de-autoridades-anteriores/agenda-antiga-carlos-alberto-franco-franca/2022-10-13
Carlos Alberto Franco Franca,2022-10-14,10:00,10:30,"Assessor Especial de Imprensa e Assessor Especial, Substituto, de Planejamento Diplomático",Gabinete,Brasília – Lisboa,https://www.gov.br/mre/pt-br/agendas/agendas-de-autoridades-anteriores/agenda-antiga-carlos-alberto-franco-franca/2022-10-14
Carlos Alberto Franco Franca,2022-10-17,10:00,10:30,Assessor Especial de Imprensa e Assessor Especial de Planejamento Diplomático,Gabinete,Brasília – São Paulo – Brasília,https://www.gov.br/mre/pt-br/agendas/agendas-de-autoridades-anteriores/agenda-antiga-carlos-alberto-franco-franca/2022-10-17
Carlos Alberto Franco Franca,2022-10-19,10:00,10:30,Assessor Especial de Imprensa e Assessor Especial de Planejamento Diplomático,Gabinete,,https://www.gov.br/mre/pt-br/agendas/agendas-de-autoridades-anteriores/agenda-antiga-carlos-alberto-franco-franca/2022-10-19
Carlos Alberto Franco Franca,2022-10-25,14:00,14:15,Assessor Especial de Imprensa e Assessor Especial de Planejamento Diplomático,Gabinete,,https://www.gov.br/mre/pt-br/agendas/agendas-de-autoridades-anteriores/agenda-antiga-carlos-alberto-franco-franca/2022-10-25
Carlos Alberto Franco Franca,2022-10-26,10:30,11:00,"Assessor Especial de Imprensa e Assessor Especial, interino, de Planejamento Diplomático",Gabinete,,https://www.gov.br/mre/pt-br/agendas/agendas-de-autoridades-anteriores/agenda-antiga-carlos-alberto-franco-franca/2022-10-26
Carlos Alberto Franco Franca,2022-10-27,09:45,10:00,"Assessor Especial de Imprensa e Assessor Especial, interino, de Planejamento Diplomático",Gabinete,,https://www.gov.br/mre/pt-br/agendas/agendas-de-autoridades-anteriores/agenda-antiga-carlos-alberto-franco-franca/2022-10-27
Carlos Alberto Franco Franca,2022-11-03,09:30,10:00,"Assessor Especial de Imprensa e Assessora Especial, interina, de Planejamento Diplomático",Gabinete,,https://www.gov.br/mre/pt-br/agendas/agendas-de-autoridades-anteriores/agenda-antiga-carlos-alberto-franco-franca/2022-11-03
Carlos Alberto Franco Franca,2022-11-24,11:00,12:30,"Secretário Especial de Desburocratização, Gestão e Governo Digital do Ministério da Economia, Leonardo Sultani",Gabinete,,https://www.gov.br/mre/pt-br/agendas/agendas-de-autoridades-anteriores/agenda-antiga-carlos-alberto-franco-franca/2022-11-24
Carlos Alberto Franco Franca,2022-11-25,16:00,17:00,"Ministro de Estado da Economia, Paulo Guedes",Ministério da Economia,,https://www.gov.br/mre/pt-br/agendas/agendas-de-autoridades-anteriores/agenda-antiga-carlos-alberto-franco-franca/2022-11-25
Carlos Alberto Franco Franca,2022-11-30,10:30,11:10,"Audiência com o Ministro-Chefe da Casa Civil, Ciro Nogueira",Palácio do Planalto,,https://www.gov.br/mre/pt-br/agendas/agendas-de-autoridades-anteriores/agenda-antiga-carlos-alberto-franco-franca/2022-11-30
Carlos Alberto Franco Franca,2022-12-02,11:45,12:30,"Secretário-executivo do Ministério da Economia, Marcelo Pacheco dos Guaranys",Ministério da Economia,,https://www.gov.br/mre/pt-br/agendas/agendas-de-autoridades-anteriores/agenda-antiga-carlos-alberto-franco-franca/2022-12-02
Carlos Alberto Franco Franca,2022-12-20,10:30,11:30,"Ministro de Estado Chefe da Casa Civil da Presidência da República, Ciro Nogueira",Palácio do Planalto,,https://www.gov.br/mre/pt-br/agendas/agendas-de-autoridades-anteriores/agenda-antiga-carlos-alberto-franco-franca/2022-12-20
Ernesto Araujo,2020-12-08,17:00,18:00,"Reunião com o Ministro-Chefe da Casa Civil, General Braga Netto",Palácio do Planalto,,https://www.gov.br/mre/pt-br/agendas/agendas-de-autoridades-anteriores/agenda-antiga-ernesto-fraga-araujo/2020-12-08
Ernesto Araujo,2021-01-20,14:30,,"Reunião com o Ministro-Chefe da Casa Civil, General Braga Netto Local: Palácio do Planalto",Gabinete,,https://www.gov.br/mre/pt-br/agendas/agendas-de-autoridades-anteriores/agenda-antiga-ernesto-fraga-araujo/2021-01-20
Ernesto Araujo,2021-02-10,17:00,18:00,"Ministro da Economia, Paulo Guedes",Sala Rui Barbosa,,https://www.gov.br/mre/pt-br/agendas/agendas-de-autoridades-anteriores/agenda-antiga-ernesto-fraga-araujo/2021-02-10
Ernesto Araujo,2021-03-04,16:30,18:00,"Ministro da Economia, Paulo Guedes",Ministério da Economia,,https://www.gov.br/mre/pt-br/agendas/agendas-de-autoridades-anteriores/agenda-antiga-ernesto-fraga-araujo/2021-03-04
Ernesto Araujo,2021-03-11,15:00,16:00,Reunião de coordenação na Casa Civil,Palácio do Planalto,,https://www.gov.br/mre/pt-br/agendas/agendas-de-autoridades-anteriores/agenda-antiga-ernesto-fraga-araujo/2021-03-11
Ernesto Araujo,2021-03-15,09:00,10:00,"Audiência com o Ministro-Chefe da Secretaria de Governo, General Luiz Eduardo Ramos",Palácio do Planalto,,https://www.gov.br/mre/pt-br/agendas/agendas-de-autoridades-anteriores/agenda-antiga-ernesto-fraga-araujo/2021-03-15
Fernando Simas Magalhaes,2021-06-09,15:00,16:00,"Acompanha o Ministro das Relações Exteriores em reunião com o Ministro de Estado da Economia, Paulo Guedes",Gabinete do Ministro,,https://www.gov.br/mre/pt-br/agendas/agendas-de-autoridades-anteriores/agenda-antiga-fernando-simas-magalhaes/2021-06-09
Fernando Simas Magalhaes,2021-06-17,18:30,19:00,"Acompanha o Ministro das Relações Exteriores em videoconferência com o Ministro de Estado da Economia, Paulo Guedes",Ministério da Economia,,https://www.gov.br/mre/pt-br/agendas/agendas-de-autoridades-anteriores/agenda-antiga-fernando-simas-magalhaes/2021-06-17
Fernando Simas Magalhaes,2021-06-21,11:30,12:30,"Acompanha o Ministro das Relações Exteriores em reunião com o Senhor Jônathas Assunção de Castro, Secretário-Executivo da Casa Civil da Presidência da República","Palácio do Planalto, 4º andar, sala 418",,https://www.gov.br/mre/pt-br/agendas/agendas-de-autoridades-anteriores/agenda-antiga-fernando-simas-magalhaes/2021-06-21
Fernando Simas Magalhaes,2021-06-22,09:30,10:30,"Acompanha o Ministro das Relações Exteriores em reunião com o Senhor Marcelo Pacheco dos Guaranys, Secretário-Executivo do Ministério da Economia e Senhor Ariosto Antunes Culau, Secretário de Orçamento Federal do Ministério da Economia",Gabinete do Ministro,,https://www.gov.br/mre/pt-br/agendas/agendas-de-autoridades-anteriores/agenda-antiga-fernando-simas-magalhaes/2021-06-22
Fernando Simas Magalhaes,2021-07-06,15:30,16:00,"Embaixador de Portugal no Brasil, Luis Faro Ramos",Secretaria-Geral,,https://www.gov.br/mre/pt-br/agendas/agendas-de-autoridades-anteriores/agenda-antiga-fernando-simas-magalhaes/2021-07-06
Fernando Simas Magalhaes,2021-07-14,15:30,16:00,"Secretário Executivo da Casa Civil da Presidência da República, Jônathas Assunção de Castro,",Secretaria-Executiva da Casa Civil da Presidência da República,,https://www.gov.br/mre/pt-br/agendas/agendas-de-autoridades-anteriores/agenda-antiga-fernando-simas-magalhaes/2021-07-14
Fernando Simas Magalhaes,2021-07-26,11:00,11:30,Embaixador Hélio Vitor Ramos Filho,Secretaria-Geral,,https://www.gov.br/mre/pt-br/agendas/agendas-de-autoridades-anteriores/agenda-antiga-fernando-simas-magalhaes/2021-07-26
Fernando Simas Magalhaes,2021-08-01,16:00,17:00,"Exposição “Oréades” de Gabriela Albergaria e de Marcelo Moscheta, a convite do Embaixador de Portugal no Brasil, Luís Faro Ramos",Embaixada de Portugal,,https://www.gov.br/mre/pt-br/agendas/agendas-de-autoridades-anteriores/agenda-antiga-fernando-simas-magalhaes/2021-08-01
Fernando Simas Magalhaes,2021-08-03,10:00,11:00,"Senhor Roberto Fendt Júnior, Secretário Especial de Comércio Exterior e Assuntos Internacionais do Ministério da Economia",Secretaria-Geral,,https://www.gov.br/mre/pt-br/agendas/agendas-de-autoridades-anteriores/agenda-antiga-fernando-simas-magalhaes/2021-08-03
Fernando Simas Magalhaes,2021-08-05,09:30,10:00,"Senhor Bruno Cesar Grossi de Souza, Secretário Especial de Relações Governamentais da Casa Civil da Presidência da República",Palácio do Planalto,,https://www.gov.br/mre/pt-br/agendas/agendas-de-autoridades-anteriores/agenda-antiga-fernando-simas-magalhaes/2021-08-05
Fernando Simas Magalhaes,2021-08-18,12:30,13:30,"Acompanha o Ministro das Relações Exteriores em almoço em homenagem ao Ministro-Chefe da Casa Civil, Senador Ciro Nogueira",Sala Rio de Janeiro,,https://www.gov.br/mre/pt-br/agendas/agendas-de-autoridades-anteriores/agenda-antiga-fernando-simas-magalhaes/2021-08-18
Fernando Simas Magalhaes,2021-08-25,17:00,18:00,"Senhor José Lopes Hott Júnior, Subchefe Substituto de Análise e Acompanhamento de Políticas Governamentais da Casa Civil da Presidência da República",Palácio do Planalto,,https://www.gov.br/mre/pt-br/agendas/agendas-de-autoridades-anteriores/agenda-antiga-fernando-simas-magalhaes/2021-08-25
Fernando Simas Magalhaes,2021-09-22,12:00,13:00,"Senhor Roberto Fendt Júnior, Secretário Especial de Comércio Exterior e Assuntos Internacionais do Ministério da Economia",Secretaria-Geral,,https://www.gov.br/mre/pt-br/agendas/agendas-de-autoridades-anteriores/agenda-antiga-fernando-simas-magalhaes/2021-09-22
Fernando Simas Magalhaes,2021-09-23,16:30,17:30,"Senhor Jônathas Assunção Salvador Nery de Castro, Secretário-Executivo da Casa Civil da Presidência da República",Palácio do Planalto,,https://www.gov.br/mre/pt-br/agendas/agendas-de-autoridades-anteriores/agenda-antiga-fernando-simas-magalhaes/2021-09-23
Fernando Simas Magalhaes,2021-11-19,11:15,12:15,"Senhor Marcelo Pacheco dos Guaranys, Secretário-Executivo do Ministério da Economia",Ministério da Economia,,https://www.gov.br/mre/pt-br/agendas/agendas-de-autoridades-anteriores/agenda-antiga-fernando-simas-magalhaes/2021-11-19
Fernando Simas Magalhaes,2021-12-13,11:00,11:45,"Senhor Jônathas Assunção Salvador Nery de Castro, Secretário-Executivo da Casa Civil da Presidência da República",Palácio do Planalto,,https://www.gov.br/mre/pt-br/agendas/agendas-de-autoridades-anteriores/agenda-antiga-fernando-simas-magalhaes/2021-12-13
Fernando Simas Magalhaes,2022-03-21,16:00,17:30,"Senhor Jônathas Assunção Salvador Nery de Castro, Secretário-Executivo da Casa Civil da Presidência da República",Palácio do Planalto,,https://www.gov.br/mre/pt-br/agendas/agendas-de-autoridades-anteriores/agenda-antiga-fernando-simas-magalhaes/2022-03-21
Fernando Simas Magalhaes,2022-07-07,16:00,17:00,"Dr. Marcelo Pacheco dos Guaranys, Secretário-Executivo do Ministério da Economia",Secretaria-Geral,,https://www.gov.br/mre/pt-br/agendas/agendas-de-autoridades-anteriores/agenda-antiga-fernando-simas-magalhaes/2022-07-07
Fernando Simas Magalhaes,2022-12-05,11:00,12:00,"Secretário-Executivo do Ministério da Economia, Marcelo Pacheco dos Guaranys",Ministério da Economia,,https://www.gov.br/mre/pt-br/agendas/agendas-de-autoridades-anteriores/agenda-antiga-fernando-simas-magalhaes/2022-12-05
Ministro das Relacoes Exteriores (atual),2023-01-03,15:00,16:00,"Acompanha o PR em audiência ao PR de Timor-Leste, Ramos Horta",Brasília,,https://www.gov.br/mre/pt-br/agendas/agenda-do-ministro-das-relacoes-exteriores/2023-01-03
Ministro das Relacoes Exteriores (atual),2023-01-05,10:10,11:00,Cerimônia de Posse da Ministra de Estado do Planejamento e Orçamento,Palácio do Planalto,,https://www.gov.br/mre/pt-br/agendas/agenda-do-ministro-das-relacoes-exteriores/2023-01-05
Ministro das Relacoes Exteriores (atual),2023-01-26,13:00,,"Ministro da Casa Civil, Rui Costa",Palácio do Planalto,,https://www.gov.br/mre/pt-br/agendas/agenda-do-ministro-das-relacoes-exteriores/2023-01-26
Ministro das Relacoes Exteriores (atual),2023-03-31,10:00,12:30,"Ministro da Casa Civil, Rui Costa",Palácio do Planalto,,https://www.gov.br/mre/pt-br/agendas/agenda-do-ministro-das-relacoes-exteriores/2023-03-31
Ministro das Relacoes Exteriores (atual),2023-04-04,12:30,14:30,"Almoço de trabalho oferecido ao Ministro da Fazenda, Fernando Haddad","Palácio Itamaraty, Sala Bahia",,https://www.gov.br/mre/pt-br/agendas/agenda-do-ministro-das-relacoes-exteriores/2023-04-04
Otavio Brandelli,2020-11-24,16:00,17:00,"Reunião com o secretário-executivo da Casa Civil da Presidência da República, general Sérgio Pereira",Palácio do Planalto,,https://www.gov.br/mre/pt-br/agendas/agendas-de-autoridades-anteriores/agenda-antiga-otavio-brandelli/2020-11-24
Otavio Brandelli,2020-12-11,16:30,17:30,"Apresentação das cópias figuradas das cartas credenciais do embaixador de Portugal, SE Sr. Luís Filipe Melo e Faro Ramos",Secretaria-Geral,,https://www.gov.br/mre/pt-br/agendas/agendas-de-autoridades-anteriores/agenda-antiga-otavio-brandelli/2020-12-11
Otavio Brandelli,2021-01-06,15:15,16:00,"Reunião do ministro-chefe da Casa Civil, general Walter Souza Braga Netto, com o embaixador da Eslovênia, Gorazd Rencelj",Palácio do Planalto,,https://www.gov.br/mre/pt-br/agendas/agendas-de-autoridades-anteriores/agenda-antiga-otavio-brandelli/2021-01-06
Otavio Brandelli,2021-01-20,15:00,16:00,"Secretário-Executivo da Casa Civil da Presidência da República, general Sérgio Pereira",Palácio do Planalto,,https://www.gov.br/mre/pt-br/agendas/agendas-de-autoridades-anteriores/agenda-antiga-otavio-brandelli/2021-01-20
Otavio Brandelli,2021-03-03,16:30,17:30,"Reunião com o secretário-executivo da Casa Civil da Presidência da República, general Sérgio Pereira",Palácio do Planalto,,https://www.gov.br/mre/pt-br/agendas/agendas-de-autoridades-anteriores/agenda-antiga-otavio-brandelli/2021-03-03
Otavio Brandelli,2021-04-13,14:00,,"Reunião com o secretário-executivo adjunto da Casa Civil da Presidência da República, Thiago Meirelles",Palácio do Planalto,,https://www.gov.br/mre/pt-br/agendas/agendas-de-autoridades-anteriores/agenda-antiga-otavio-brandelli/2021-04-13
Otavio Brandelli,2021-05-06,12:30,14:00,"Secretário-Executivo da Casa Civil, senhor Jonathas Castro, e Diretor na Presidência do Senado Federal , senhor Alexandre Silveira",,,https://www.gov.br/mre/pt-br/agendas/agendas-de-autoridades-anteriores/agenda-antiga-otavio-brandelli/2021-05-06
Otavio Brandelli,2021-05-11,17:00,17:45,"Secretário-Executivo do Ministério da Economia, Marcelo Pacheco dos Guaranys",Ministério da Economia,,https://www.gov.br/mre/pt-br/agendas/agendas-de-autoridades-anteriores/agenda-antiga-otavio-brandelli/2021-05-11
Otavio Brandelli,2021-05-21,11:00,,"Chefe da Divisão de Direitos Humanos, Ministro Marcelo Ramos Araújo",Videoconferência,,https://www.gov.br/mre/pt-br/agendas/agendas-de-autoridades-anteriores/agenda-antiga-otavio-brandelli/2021-05-21
Otavio Brandelli,2021-05-27,10:00,,"Secretário-Executivo da Casa Civil da Presidência da República, Jônathas Assunção Salvador Nery de Castro",Palácio do Planalto,,https://www.gov.br/mre/pt-br/agendas/agendas-de-autoridades-anteriores/agenda-antiga-otavio-brandelli/2021-05-27
Otavio Brandelli,2021-05-28,08:00,,"Secretário-Executivo da Casa Civil da Presidência da República, Jônathas Assunção Salvador Nery de Castro",Escola Nacional de Administração Pública - ENAP,,https://www.gov.br/mre/pt-br/agendas/agendas-de-autoridades-anteriores/agenda-antiga-otavio-brandelli/2021-05-28
